matricula;uid;horario
1190;FA CC 36 A5;17:59:45.635859500
NEGADO;81 F;17:59:53.066108700
NEGADO;81 F3;18:00:02.956305300
NEGADO;FA CC;18:00:09.680920400
